name,batch,industry,location,website_present,website,detail_url,description,description_length,logo,video,team_size,founders,github,score
Sanitation and Health Rights in India (SHRI),Winter 2016,Unspecified,Health Rights,False,,https://www.ycombinator.com/companies/sanitation-and-health-rights-in-india-shri,,0,,,,,,11
Clear,Summer 2014,"Fintech, Consumer Finance","Clear Bengaluru, KA",False,,https://www.ycombinator.com/companies/cleartax,"Fintech SaaS platform for invoices, taxes, wealth management & credit.",70,https://bookface-images.s3.amazonaws.com/small_logos/b9c7802fe390e275d36ad0835a41223e647bcf5a.png,,,,,9
RecordBook,Winter 2022,B2B,RecordBook,False,,https://www.ycombinator.com/companies/recordbook,Airtable for 400 Million SMBs Globally,38,https://bookface-images.s3.amazonaws.com/small_logos/3875d1d979cbc4f3d637b7d4c36031d0e7abc4ec.png,,,,,9
Streak,Winter 2022,"Fintech, Payments","Streak Bengaluru, KA",False,,https://www.ycombinator.com/companies/streak-2,A neo-banking platform for children in India,44,https://bookface-images.s3.amazonaws.com/small_logos/f8c6b91146b5976c6d0c9571ae55fc265975f90e.png,,,,,9
Apollo,Winter 2022,Fintech,"Apollo Bengaluru, KA",False,,https://www.ycombinator.com/companies/apollo-3,Payments & Loyalty Infrastructure,33,https://bookface-images.s3.amazonaws.com/small_logos/2ea4e2897740aa14e96c42667cc3be13a0f2c9e8.png,,,,,9
Zuma,Summer 2021,B2B,"Zuma San Francisco, CA",False,,https://www.ycombinator.com/companies/resident-boost,We help businesses convert leads into sales in minutes using text,65,https://bookface-images.s3.amazonaws.com/small_logos/84726eaf029b9ba89c36aa373753fe1b0650f8be.png,,,,,9
FrontPage,Summer 2021,"Fintech, Asset Management",FrontPage,False,,https://www.ycombinator.com/companies/frontpage,Community for 100M Indian Financial Market Traders & Investors,62,https://bookface-images.s3.amazonaws.com/small_logos/29ac95e715a7bf8e21b677a36c6d3cebf4e933ad.png,,,,,9
AlgoSurg Inc,Winter 2018,"Healthcare, Healthcare Services",AlgoSurg,False,,https://www.ycombinator.com/companies/algosurg-inc,We make AI technology for Robotic and AR Surgeries,50,https://bookface-images.s3.amazonaws.com/small_logos/4c9c6f9649c3dcfc12e8cb14536660a83da8adcb.png,,,,,9
Orangewood Labs,Winter 2018,"Industrials, Manufacturing and Robotics","Orangewood Labs San Francisco, CA",False,,https://www.ycombinator.com/companies/orangewood-labs,Orangewood Labs makes worlds most affordable and easiest AI robot arms,70,https://bookface-images.s3.amazonaws.com/small_logos/3b36a43190da640752bb01710dff43f2c6e5ff91.png,,,,,9
Pulse Active Stations Network,Winter 2019,"Healthcare, Consumer Health and Wellness",Pulse Active,False,,https://www.ycombinator.com/companies/pulse-active-stations-network,We are a connected network of smart health machines in India.,61,https://bookface-images.s3.amazonaws.com/small_logos/8c6013a5e3fb548e18594a466880a61de1aadcd7.png,,,,,9
FunctionUp (FanPlay),Winter 2021,Education,FunctionUp,False,,https://www.ycombinator.com/companies/functionup-fanplay,A skill-tech platform that runs placement bootcamps,51,https://bookface-images.s3.amazonaws.com/small_logos/0820440595cd7867b8708d7f3e9a2a2410501d0e.png,,,,,9
SprintAI,Winter 2020,"B2B, Retail",SprintAI,False,,https://www.ycombinator.com/companies/sprintai,AI-led platform for inventory and fulfillment optimization,58,https://bookface-images.s3.amazonaws.com/small_logos/88ed649d4ffefdc8e5652f12e5915dd242bed4ff.png,,,,,9
Chutney Inc,Winter 2020,Consumer,"Chutney Inc Bengaluru, KA",False,,https://www.ycombinator.com/companies/chutney-inc,Pseudonymous avatar-based social network,40,https://bookface-images.s3.amazonaws.com/small_logos/1ae6c0cb382bcd0084b164a7baf124b6109a2f1a.png,,,,,9
GimBooks,Winter 2021,"B2B, Finance and Accounting",GimBooks,True,https://gimbooks.com/,https://www.ycombinator.com/companies/gimbooks,GimBooks makes Bookkeeping Easy for small business owners,57,,,,,,8
Cashfree Payments,Summer 2017,"Fintech, Payments","Cashfree Payments Bengaluru, KA",False,,https://www.ycombinator.com/companies/cashfree-payments,Next-gen digital payments provider for India.,45,https://bookface-images.s3.amazonaws.com/small_logos/7eb68658869d911582ae784bc8ff049cb6b4a898.png,,,,https://github.com/cashfree,8
Scribe,Winter 2017,"B2B, Sales","Scribe Bengaluru, KA",True,http://tryscribe.com/,https://www.ycombinator.com/companies/scribe,Scribe is an AI based Sales Development Representative that you can‚Ä¶,68,,,,,,8
Fastpad,Summer 2017,"B2B, Recruiting and Talent","Fastpad Bengaluru, KA",True,https://fastpad.com/,https://www.ycombinator.com/companies/fastpad,Hiring Software for India,25,,,,,,8
Bicycle AI,Winter 2017,"B2B, Operations",Bicycle AI,True,http://bicycleai.com,https://www.ycombinator.com/companies/bicycle-ai,Bicycle AI provides customer support as a service. We work on top of‚Ä¶,69,,,,,,8
Zepto,Winter 2021,"Consumer, Food and Beverage",Zepto MH,True,https://www.zeptonow.com/,https://www.ycombinator.com/companies/zepto,10-Minute Grocery Delivery in India,35,https://bookface-images.s3.amazonaws.com/small_logos/b419835c59c3d3a4db7e0aaf094b54bb5cee0adb.png,,,,,6
Paasa,Summer 2024,"Fintech, Asset Management","Paasa Gurugram, HR",True,https://paasa.com,https://www.ycombinator.com/companies/paasa,Invest in Global Equities from India,36,https://bookface-images.s3.amazonaws.com/small_logos/69545faa0fc0f7ee6b89313f1c320d59486f1802.png,,,,,6
Infinity,Winter 2024,"Fintech, Payments","Infinity Bengaluru, KA",True,https://www.infinityapp.in/,https://www.ycombinator.com/companies/infinity,Business banking for cross-border SMBs & Startups,49,https://bookface-images.s3.amazonaws.com/small_logos/6d4375431e4067cbd0c409f02ba66c5924b3c146.png,,,,,6
CheqUPI,Summer 2023,Fintech,"Bengaluru, KA",True,https://www.chequpi.com,https://www.ycombinator.com/companies/chequpi,India's first UPI wallet for foreign nationals and NRIs,55,https://bookface-images.s3.amazonaws.com/small_logos/a843f9faa1181a347ed222e5101c43bcf320c8d8.png,,,,,6
Yenmo,Winter 2024,"Fintech, Credit and Lending","Yenmo Bengaluru, KA",True,https://yenmo.in/,https://www.ycombinator.com/companies/yenmo,Secured consumer lending in India,33,https://bookface-images.s3.amazonaws.com/small_logos/e38727bf49fef15610b997e8f1c13cd449e6da05.png,,,,,6
SuperAPI,Winter 2023,"B2B, Infrastructure","Chennai, TN",True,https://trysuperapi.com,https://www.ycombinator.com/companies/superapi,Programmable API gateway that makes APIs cacheable,50,https://bookface-images.s3.amazonaws.com/small_logos/c11e1c8d036fe535bd716bcbde93721f71fc8801.png,,,,,6
Mantys,Winter 2023,"B2B, Analytics","Mantys Bengaluru, KA",True,https://www.mantys.io/,https://www.ycombinator.com/companies/mantys,ARR Reporting and Forecasting for SaaS companies,48,https://bookface-images.s3.amazonaws.com/small_logos/ab148653f771ae83b42b2726259e7e2be8e1e60a.png,,,,,6
Clueso,Winter 2023,"B2B, Engineering, Product and Design","Clueso Bengaluru, KA",True,https://clueso.io,https://www.ycombinator.com/companies/clueso,Create beautiful videos & docs for any product or process in minutes,68,https://bookface-images.s3.amazonaws.com/small_logos/8bb9d01e5193ccdd98bfdf1cea08fb2ede901fe5.png,,,,,6
SuperKalam,Winter 2023,Education,SuperKalam,True,https://superkalam.com,https://www.ycombinator.com/companies/superkalam,AI-Powered Super Mentor for Test Prep,37,https://bookface-images.s3.amazonaws.com/small_logos/1b77af33029a4b47cc037f68e90edf366b8b47b3.png,,,,,6
ClickPe,Winter 2023,"Fintech, Credit and Lending",ClickPe,True,https://clickpe.ai/,https://www.ycombinator.com/companies/clickpe,Finance on a Click,18,https://bookface-images.s3.amazonaws.com/small_logos/3c6e584d85f4fd70f979807e451c948d3482cdf8.png,,,,,6
ShortLoop,Winter 2023,"B2B, Engineering, Product and Design",ShortLoop,True,https://shortloop.dev/,https://www.ycombinator.com/companies/shortloop,AI Phone Agents For Your Business,33,https://bookface-images.s3.amazonaws.com/small_logos/820af679200d42ba6edf958ca36c54bfd8a7734c.png,,,,,6
Cone,Summer 2022,"B2B, Finance and Accounting",Cone Hyderabad,True,https://www.getcone.io,https://www.ycombinator.com/companies/cone,Work operating system for professional service businesses,57,https://bookface-images.s3.amazonaws.com/small_logos/6749dbc3973af54314fb19bab89f96afd64cd254.png,,,,,6
Landeed,Summer 2022,Real Estate and Construction,Landeed Hyderabad,True,https://www.landeed.com/,https://www.ycombinator.com/companies/landeed,Landeed is India's fastest property title search engine,55,https://bookface-images.s3.amazonaws.com/small_logos/6ad200a24281fdd6a8a1c278067a5acc87ff1dab.png,,,,,6
Shelf,Summer 2022,"Fintech, Banking and Exchange","Shelf Bengaluru, KA",True,https://shelfpay.in,https://www.ycombinator.com/companies/shelf,Neobank for Young Professionals in India,40,https://bookface-images.s3.amazonaws.com/small_logos/03d52d82db002db062c339a937a845cbe5f4b80e.png,,,,,6
AlgoTest,Summer 2022,Fintech,AlgoTest,True,https://algotest.in,https://www.ycombinator.com/companies/algotest,Ecosystem for options trading in India,38,https://bookface-images.s3.amazonaws.com/small_logos/ee27828a872551486a5a61cefdc3f0f73dca1b91.png,,,,,6
Sculpt,Summer 2022,"B2B, Engineering, Product and Design","Sculpt San Francisco, CA",True,https://www.sculptcosting.com/,https://www.ycombinator.com/companies/sculpt,Fully automated should-cost analysis for precision manufacturers.,65,https://bookface-images.s3.amazonaws.com/small_logos/aecbe7c9746a215c5988fc9a472c03bbcb3fec72.png,,,,,6
CompUp,Summer 2022,"B2B, Human Resources",CompUp,True,https://www.compup.io,https://www.ycombinator.com/companies/compup,Building a compensation graph to help companies optimise people spend,69,https://bookface-images.s3.amazonaws.com/small_logos/418fe819ff51f7a93e3dfa5ef6d26990a3053c22.png,,,,,6
100x,Summer 2022,"B2B, Productivity","Bengaluru, KA",True,https://100x.bot?utm_source=inbound&utm_medium=bookface&utm_campaign=yc&utm_id=122,https://www.ycombinator.com/companies/100x,"Create, Share, and Monetize AI Agents",37,https://bookface-images.s3.amazonaws.com/small_logos/e57695e93f2c0c4bd59ac6e3b1a1d55dfeb43099.png,,,,,6
Gullak Money,Summer 2022,Fintech,"Gullak Money Bengaluru, KA",True,https://gullak.money,https://www.ycombinator.com/companies/gullak-money,Gullak automates savings & invests these in gold,48,https://bookface-images.s3.amazonaws.com/small_logos/02dc5ca39f0b84d551575438e1537fbaa5ba8983.png,,,,,6
Raven,Summer 2022,"B2B, Engineering, Product and Design","Raven Bengaluru, KA",True,https://startraven.com,https://www.ycombinator.com/companies/raven,AI Assistants for Manufacturing Operations,42,https://bookface-images.s3.amazonaws.com/small_logos/3fb50438182aeb488057a1788d0a93f79ae1c8ec.png,,,,,6
EthosX,Summer 2022,Fintech,"Claymont, DE",True,http://contact@ethosx.xyz,https://www.ycombinator.com/companies/ethosx,The protocol for derivatives on blockchains,43,https://bookface-images.s3.amazonaws.com/small_logos/996567c41c2cfe38cba0451d132a3ac62a13e9ec.png,,,,,6
Craze,Summer 2022,"B2B, Human Resources","Craze Mumbai, MH",True,https://www.crazehq.com/?utm_source=yc,https://www.ycombinator.com/companies/craze,"All-in-one Payroll, HR and IT for India",39,https://bookface-images.s3.amazonaws.com/small_logos/b5c0add505f7307410cfab6e36c9a7df97ce8d5d.png,,,,,6
Coupl,Summer 2022,"Fintech, Banking and Exchange","Coupl Bengaluru, KA",True,https://coupl.money/,https://www.ycombinator.com/companies/coupl,A neobank for couples in India,30,https://bookface-images.s3.amazonaws.com/small_logos/b4973d6115fc1220d3b06c0d5b8280d217651cc1.png,,,,,6
SigmaMind AI,Summer 2022,B2B,SigmaMind,True,https://sigmamind.ai?utm_source=yc&utm_medium=web,https://www.ycombinator.com/companies/sigmamind-ai,Platform to build enterprise-ready voice/chat agents,52,https://bookface-images.s3.amazonaws.com/small_logos/4857d95e94326dab2796fc4935e39cb912bd34e3.png,,,,,6
Clinikally,Summer 2022,"Healthcare, Consumer Health and Wellness","Clinikally Gurugram, HR",True,https://clinikally.com/products/video-consult-with-a-skin-hair-specialist?utm_source=yc&utm_medium=blog&utm_campaign=290525+yc_launch_post,https://www.ycombinator.com/companies/clinikally,India's Telemedicine Platform & Online Pharmacy for Dermatology Care,68,https://bookface-images.s3.amazonaws.com/small_logos/3b1ffef7173b4db71617ba49d813425dd45a1df6.png,,,,,6
TradeX,Winter 2022,Consumer,"Gurugram, HR",True,http://tradexapp.co/,https://www.ycombinator.com/companies/tradex,Exchange to trade on outcome of events.,39,https://bookface-images.s3.amazonaws.com/small_logos/089363a85cb5fa33abc24d843e17853be08ef2da.png,,,,,6
GoSats,Winter 2022,Fintech,GoSats,True,https://gosats.io,https://www.ycombinator.com/companies/gosats,GoSats helps you earn free bitcoin when you shop in India.,58,https://bookface-images.s3.amazonaws.com/small_logos/e6ef13c2cf09acf6a7b852519447061cd749bdf8.png,,,,,6
Better Opinions,Winter 2022,"Consumer, Gaming","Better Opinions Gurugram, HR",True,https://betteropinions.in/,https://www.ycombinator.com/companies/better-opinions,Prediction market of India,26,https://bookface-images.s3.amazonaws.com/small_logos/f6ae65ec2d1ccb8f2c368690d2013dc58fcdf2be.png,,,,,6
Material Depot,Winter 2022,Real Estate and Construction,"Material Depot Bengaluru, KA",True,https://materialdepot.in/,https://www.ycombinator.com/companies/material-depot,India's Fastest Growing Home Decor destination for Floor & Wall Decor,69,https://bookface-images.s3.amazonaws.com/small_logos/a662852a35aa588b121563de0be00dcfacd66749.png,,,,,6
SaveIN,Winter 2022,"Healthcare, Consumer Health and Wellness",SaveIN,True,https://www.savein.money/,https://www.ycombinator.com/companies/savein,Making private healthcare in India accessible and affordable,60,https://bookface-images.s3.amazonaws.com/small_logos/7ef8a1947c6f42babb59ca87d2eb2329eb2201cc.png,,,,,6
Kaagaz,Winter 2022,Consumer,"Kaagaz New Delhi, DL",True,https://kaagaz.app,https://www.ycombinator.com/companies/kaagaz,'Office' Suite for Mobile-first Businesses in India,51,https://bookface-images.s3.amazonaws.com/small_logos/f271350ee43aa2c95ce0719ddd066e79505b3730.png,,,,,6
IMT Care,Winter 2022,"Healthcare, Consumer Health and Wellness",Care MH,True,https://www.imt.care,https://www.ycombinator.com/companies/imt-care,Disrupting Indian Insurance space by empowering distrubutors,60,https://bookface-images.s3.amazonaws.com/small_logos/936b51144e116571d48d13ab044962f1333b9482.png,,,,,6
SALT,Winter 2022,Fintech,"Bengaluru, KA",True,https://salt.pe,https://www.ycombinator.com/companies/salt,B2B Cross-Border Payment & Compliance Platform,46,https://bookface-images.s3.amazonaws.com/small_logos/6dab9350cc5e586235091913992c3fbaa5770f3e.png,,,,,6
RedBrick AI,Winter 2022,B2B,RedBrick,True,https://redbrickai.com,https://www.ycombinator.com/companies/redbrick-ai,Rapid medical data annotation,29,https://bookface-images.s3.amazonaws.com/small_logos/10e60623a6f9ead582ef32a7eb60d830f6544cbe.png,,,,,6
RDash,Winter 2022,"B2B, Infrastructure","Gurugram, HR",True,https://www.rdash.io,https://www.ycombinator.com/companies/rdash,New Age ERP for interior and construction business,50,https://bookface-images.s3.amazonaws.com/small_logos/def911c8f3c9b81c8e514a4f1b29d88c06452d30.png,,,,,6
Rehook.ai,Winter 2022,"B2B, Marketing","Bengaluru, KA",True,https://rehook.ai/,https://www.ycombinator.com/companies/rehook-ai,"Run, Track and manage any and all user incentive campaigns.",59,https://bookface-images.s3.amazonaws.com/small_logos/53da24c36b479dbe73257b4e0460bbc902e023bf.png,,,,,6
Fieldproxy,Winter 2022,"B2B, Productivity","Fieldproxy Chennai, TN",True,http://fieldproxy.com/,https://www.ycombinator.com/companies/fieldproxy,Retool for 20 Million Field Teams,33,https://bookface-images.s3.amazonaws.com/small_logos/29d280b26b9013cd722967a3c3239ae0da94db1c.png,,,,,6
MySivi,Winter 2022,Education,MySivi,True,https://www.mysivi.ai/,https://www.ycombinator.com/companies/mysivi,MySivi - AI English Speaking Practice App,41,https://bookface-images.s3.amazonaws.com/small_logos/0d0608c9504f2b85980b6db17c332126c43441a4.png,,,,,6
Sei,Winter 2022,Fintech,"Sei Delhi, DL",True,https://seiright.com/,https://www.ycombinator.com/companies/sei,AI Agents for Financial Institutions,36,https://bookface-images.s3.amazonaws.com/small_logos/866cec0759154ee708c6b843e16d3f00f9d773be.png,,,,,6
Stownest,Summer 2021,Consumer,"Stownest Bengaluru, KA",True,https://stownest.com,https://www.ycombinator.com/companies/stownest,"Flexible On-Demand Storage Space for Household, SMEs & Travellers.",66,https://bookface-images.s3.amazonaws.com/small_logos/c783e8122eec2c0e306b175f148c67b441c33423.png,,,,,6
Infer,Summer 2021,"B2B, Sales","Infer San Mateo, CA",True,https://www.infer.so/,https://www.ycombinator.com/companies/infer,Personalized AI Voice Agents for lead qualification for insurance &‚Ä¶,68,https://bookface-images.s3.amazonaws.com/small_logos/f093ce23ca35f332213eeee11dee08581cefba9d.png,,,,,6
Spark Studio,Summer 2021,Education,"Spark Studio Bengaluru, KA",True,https://sparkstudio.co,https://www.ycombinator.com/companies/spark-studio,The most magical personal Voice-Led AI English Learning Buddy for Kids,70,https://bookface-images.s3.amazonaws.com/small_logos/a44566f08ee9e969d5aadd81be190b2c075468d9.png,,,,,6
Enerjazz,Summer 2021,"Industrials, Climate","Enerjazz Delhi, DL",True,https://www.enerjazz.tech/,https://www.ycombinator.com/companies/enerjazz,Making electric vehicle batteries affordable,44,https://bookface-images.s3.amazonaws.com/small_logos/01c24744d6258fd6efd2c9b5f35465ca85adc1e0.png,,,,,6
SalaryBox,Summer 2021,"B2B, Human Resources",SalaryBox,True,https://salarybox.in/,https://www.ycombinator.com/companies/salarybox,Gusto for India,15,https://bookface-images.s3.amazonaws.com/small_logos/bfea3ef1c729dbc6ec5526da896c404d28fa550f.png,,,,,6
Ivy Homes,Summer 2021,"Real Estate and Construction, Housing and Real Estate","Ivy Homes Bengaluru, KA",True,https://ivy.homes,https://www.ycombinator.com/companies/ivy-homes,We make instant offers to buy homes in India,44,https://bookface-images.s3.amazonaws.com/small_logos/f51dc2b307e3d50d35264d05b53bf776e1a2bdb8.png,,,,,6
AppX,Summer 2021,Education,"New Delhi, DL",True,https://appx.co.in,https://www.ycombinator.com/companies/appx,AppX helps social media creators launch their own mobile¬†apps.,62,https://bookface-images.s3.amazonaws.com/small_logos/e525187409442d1ab27754ce9ef76abf1c162b05.png,,,,,6
Neodocs,Summer 2021,Healthcare,Neodocs MH,True,https://www.neodocs.in,https://www.ycombinator.com/companies/neodocs,Instant lab tests on your smartphone,36,https://bookface-images.s3.amazonaws.com/small_logos/957c00265cfe6ded7c38d77ca38c5e42c0cf9128.png,,,,,6
AlgoUniversity,Summer 2021,Education,AlgoUniversity,True,http://algouniversity.com/,https://www.ycombinator.com/companies/algouniversity,Building Job driven Virtual Tech University for India üáÆüá≥,56,https://bookface-images.s3.amazonaws.com/small_logos/374f4cb4bad668c1b9e9f60122c2dfb7d2a76647.png,,,,,6
Swipe,Summer 2021,"B2B, Finance and Accounting",Swipe Hyderabad,True,https://getswipe.in,https://www.ycombinator.com/companies/swipe-2,Super AI Accountant for SMBs,28,https://bookface-images.s3.amazonaws.com/small_logos/503edcb02d5cc855d205e529939710e731d771cb.png,,,,,6
Advantage Club,Summer 2021,"B2B, Human Resources","Advantage Club Gurugram, HR",True,https://www.advantageclub.co,https://www.ycombinator.com/companies/advantage-club,Global platform for employee engagement with rewards&flexible benefits,70,https://bookface-images.s3.amazonaws.com/small_logos/91384c8f455c6860b2a73e8558d2b314761ecf47.png,,,,,6
Nino Foods,Summer 2021,"Consumer, Food and Beverage",Nino Foods MH,True,https://eatnino.com/,https://www.ycombinator.com/companies/nino-foods,Building India's fast food empire,33,https://bookface-images.s3.amazonaws.com/small_logos/df80427d3277e874a082878b88292a9f7eecc488.png,,,,,6
Rivia.AI,Summer 2021,"B2B, Marketing","Bengaluru, KA",True,https://rivia.ai,https://www.ycombinator.com/companies/rivia-ai,Interactive Product Demos,25,https://bookface-images.s3.amazonaws.com/small_logos/74b8fae20934df4dfafa899ab30b9ddd193b6f6b.png,,,,,6
SalaryBook,Summer 2021,B2B,SalaryBook,True,https://salarybook.co.in/,https://www.ycombinator.com/companies/salarybook,"Mobile first solution for Payroll, employee & expense management",64,https://bookface-images.s3.amazonaws.com/small_logos/18003ad0da61412ba9ecc11d59ec2045f6248cc0.png,,,,,6
ODWEN,Summer 2021,"B2B, Supply Chain and Logistics","Delhi, DL",True,https://www.odwen.co.in,https://www.ycombinator.com/companies/odwen,AirBnB for Small Warehouses,27,https://bookface-images.s3.amazonaws.com/small_logos/e8ab18dae7115ef76227acd0cd0b5680b6505cd7.png,,,,,6
PropReturns,Summer 2021,"Real Estate and Construction, Housing and Real Estate",PropReturns,True,https://www.propreturns.com/,https://www.ycombinator.com/companies/propreturns,End-to-end commercial real estate transaction platform,54,https://bookface-images.s3.amazonaws.com/small_logos/8c6ba36875562c96fddf6ef04d0acd5852345d88.png,,,,,6
Coulomb AI,Summer 2021,B2B,Coulomb AI,True,https://coulomb.ai/,https://www.ycombinator.com/companies/coulomb-ai,Battery Observability Platform for Electric Vehicles,52,https://bookface-images.s3.amazonaws.com/small_logos/0d176e9e252d68df98f28ada02fca2e0e1f38e49.png,,,,,6
Koshex,Summer 2021,"Fintech, Asset Management","Koshex Bengaluru, KA",True,https://www.koshex.com,https://www.ycombinator.com/companies/koshex,Automating wealth creation for 400M Indian millennials,54,https://bookface-images.s3.amazonaws.com/small_logos/5372c43fe16f7453f3807e7fb91ce46ee47099cc.png,,,,,6
Kalam Labs,Summer 2021,"Industrials, Drones",Kalam Labs,True,http://www.kalamlabs.in,https://www.ycombinator.com/companies/kalam-labs,Stratospheric Aerial Robotics Lab,33,https://bookface-images.s3.amazonaws.com/small_logos/af09359ecc24430a6054310be3115645fc95f1d8.png,,,,,6
Karbon Card,Summer 2021,"Fintech, Credit and Lending","Karbon Card Bengaluru, KA",True,https://www.karboncard.com/,https://www.ycombinator.com/companies/karbon-card,Corporate Card solution for Indian businesses,45,https://bookface-images.s3.amazonaws.com/small_logos/17ef37d6752b041cef8cbde238930aba2834a6a3.png,,,,,6
marketfeed,Summer 2021,"Fintech, Consumer Finance","Bengaluru, KA",True,https://marketfeed.com,https://www.ycombinator.com/companies/marketfeed,Helps affluent Indians invest in automated options trading strategies,69,https://bookface-images.s3.amazonaws.com/small_logos/2d876ee89747c228cdd24b743705be33b8ec8364.png,,,,,6
Voosh,Winter 2021,B2B,"Voosh Bengaluru, KA",True,https://voosh.ai/,https://www.ycombinator.com/companies/voosh,Making Restaurants more data-driven!,36,https://bookface-images.s3.amazonaws.com/small_logos/ef1e643c10958ceb8cbae838ae55d8e2e2a2d5d9.png,,,,,6
BusinessOnBot,Winter 2021,"B2B, Operations","Bengaluru, KA",True,https://www.businessonbot.com/,https://www.ycombinator.com/companies/businessonbot,Automated user acquisition & selling on WhatsApp for businesses,63,https://bookface-images.s3.amazonaws.com/small_logos/03c75b785d321bb19fc8ab6c4a6b736e7b35df44.png,,,,,6
Swadesi Way,Winter 2021,"Consumer, Food and Beverage","Swadesi Way Delhi, DL",True,https://swadesiway.com/,https://www.ycombinator.com/companies/swadesi-way,Healthy organic food that creates a positive impact,51,https://bookface-images.s3.amazonaws.com/small_logos/18ed953b65acb811cfab977dce40b00b894932f0.png,,,,,6
Betterhalf,Winter 2021,"Consumer, Social","Betterhalf Bengaluru, KA",True,https://betterhalf.ai,https://www.ycombinator.com/companies/betterhalf,India‚Äôs first and only marriage super app,41,https://bookface-images.s3.amazonaws.com/small_logos/cef9597b14ed6c2ccca297255b6622fd1a48448d.png,,,,,6
Redcliffe Lifetech,Winter 2021,"Healthcare, Diagnostics","Redcliffe Lifetech Delhi, DL",True,http://redcliffelabs.com,https://www.ycombinator.com/companies/redcliffe-lifetech,Redcliffe Labs is India's Largest Omni-channel Diagnostics platform,67,https://bookface-images.s3.amazonaws.com/small_logos/b9e3c4bc934297fbdde47eea1cf4c9de32e1a325.png,,,,,6
ZOKO,Winter 2021,"B2B, Retail","Bengaluru, KA",True,https://www.zoko.io/,https://www.ycombinator.com/companies/zoko,Better Business on WhatsApp,27,https://bookface-images.s3.amazonaws.com/small_logos/88a29ec13035e5082aa0fc15b5e1d34257c60895.png,,,,,6
Unschool,Winter 2021,Education,Unschool Hyderabad,True,https://www.unschool.in/,https://www.ycombinator.com/companies/unschool,"Learn, Intern and become Industry-Ready",39,https://bookface-images.s3.amazonaws.com/small_logos/241355483f318c33ca2bc602a40f9be0d90bc107.png,,,,,6
Tilt,Winter 2021,Consumer,"Tilt Bengaluru, KA",True,https://tilt.bike/,https://www.ycombinator.com/companies/tilt-2,Bringing the joy of cycling to millions of Indians,50,https://bookface-images.s3.amazonaws.com/small_logos/831d19b9696019cba0a87bff2dc84fcc4d420a5c.png,,,,,6
Veera Health,Winter 2021,"Healthcare, Consumer Health and Wellness",Veera Health MH,True,https://www.veerahealth.com,https://www.ycombinator.com/companies/veera-health,We treat women with Polycystic Ovary Syndrome in India,54,https://bookface-images.s3.amazonaws.com/small_logos/ca91e3fbd25b407f5755068d3680f8a726f79a17.png,,,,,6
zingbus,Winter 2021,"Consumer, Transportation Services","Gurugram, HR",True,https://www.zingbus.com/,https://www.ycombinator.com/companies/zingbus,Platform for bus travel across Indian cities,44,https://bookface-images.s3.amazonaws.com/small_logos/3de402abb68d1b328b9538b99267bcd826291a99.png,,,,,6
Kodo,Winter 2021,"Fintech, Payments",Kodo MH,True,https://www.kodo.com,https://www.ycombinator.com/companies/kodo,Corporate card & spend management platform for Indian startups,62,https://bookface-images.s3.amazonaws.com/small_logos/ac7360082e93204b811c88cc621106bc792d0f80.png,,,,,6
Nirva,Winter 2021,"Healthcare, Healthcare Services",Nirva London,True,https://nirvahealth.com,https://www.ycombinator.com/companies/nirva,Evidence-based Traditional and Complementary Medicine brand,59,https://bookface-images.s3.amazonaws.com/small_logos/e40298f2e647873021bf8e485aafd12df64afa02.png,,,,,6
Pragmatic Leaders (Ankai Inc),Winter 2021,B2B,Pragmatic Leaders,True,"https://pragmaticleaders.io, https://ostronaut.com",https://www.ycombinator.com/companies/pragmatic-leaders-ankai-inc,"AI-powered Corporate Training: Faster, Smarter, and More Effective",66,https://bookface-images.s3.amazonaws.com/small_logos/01625408283ee2dab9a638a711a3c4f62c3c964a.png,,,,,6
Weekday,Winter 2021,"B2B, Recruiting and Talent","Weekday Bengaluru, KA",True,https://weekday.works/,https://www.ycombinator.com/companies/weekday,AI recruiter that runs outbound sourcing campaigns to find top talent,69,https://bookface-images.s3.amazonaws.com/small_logos/abebec09c171112b2f825b920689d4885969573a.png,,,,,6
GroMo,Winter 2021,Fintech,GroMo,True,https://www.gromo.in,https://www.ycombinator.com/companies/gromo,App for independent agents to sell financial products in India,62,https://bookface-images.s3.amazonaws.com/small_logos/a4e3e8136445391fcfe8afdb23cac5833b3e1e34.png,,,,,6
RocketSDR,Winter 2021,"B2B, Sales","Bengaluru, KA",True,https://rocketsdr.ai,https://www.ycombinator.com/companies/rocketsdr,AI Native Sales Outreach Platform,33,https://bookface-images.s3.amazonaws.com/small_logos/e709fbbd586b69b614e78a934b3926dac2456289.png,,,,,6
Zuddl,Summer 2020,B2B,Zuddl Hyderabad,True,http://www.zuddl.com,https://www.ycombinator.com/companies/zuddl,Zuddl is a modular platform for events and webinars that helps event‚Ä¶,69,https://bookface-images.s3.amazonaws.com/small_logos/39914914665584b0e13b0afdeecde0ad6a4b0de1.png,,,,,6
Orange Health Labs,Summer 2020,"Healthcare, Diagnostics","Orange Health Labs Bengaluru, KA",True,http://www.orangehealth.in,https://www.ycombinator.com/companies/orange-health-labs,India's Fastest Diagnostics Service,35,https://bookface-images.s3.amazonaws.com/small_logos/3e07e4f8af878b1c646ca1ca04c557bb4e10c4a8.png,,,,,6
Decentro,Summer 2020,"B2B, Engineering, Product and Design","Decentro Bengaluru, KA",True,https://decentro.tech,https://www.ycombinator.com/companies/decentro,API Platform for Banking Integrations (Plaid for India and APAC),64,https://bookface-images.s3.amazonaws.com/small_logos/26546d4be80e83088bea9fc9e77f6aa3cd234174.png,,,,,6
WareIQ,Summer 2020,"B2B, Supply Chain and Logistics",WareIQ,True,https://www.wareiq.com/,https://www.ycombinator.com/companies/wareiq,Amazon-prime like logistics for eCommerce companies in India,60,https://bookface-images.s3.amazonaws.com/small_logos/cd493d3173a7c398db40f624d4168ca0dc51665c.png,,,,,6
Statiq.,Summer 2020,"Industrials, Energy","Gurugram, HR",True,https://statiq.in/,https://www.ycombinator.com/companies/statiq,India's Largest EV charging network,35,https://bookface-images.s3.amazonaws.com/small_logos/826b10a93d1a290ef6eea0a5ea3d3e6fcc24af06.png,,,,,6
Cradle,Summer 2020,"B2B, Retail","Cradle Bengaluru, KA",True,https://www.cradlefinance.com,https://www.ycombinator.com/companies/cradle,B2B payments network in India,29,https://bookface-images.s3.amazonaws.com/small_logos/e6b0060a03ac1e3bb4ad8eaf0536ff8caacd95d4.png,,,,,6
Explorex,Summer 2020,"B2B, Retail","Explorex Bengaluru, KA",True,https://explorex.co,https://www.ycombinator.com/companies/explorex,Ecosystem Platform for Restaurants in India,43,https://bookface-images.s3.amazonaws.com/small_logos/b038a5e905f1f6cf97ad14baa85b93658ffe2791.png,,,,,6
Leena AI,Summer 2018,B2B,Leena AI,True,https://www.leena.ai,https://www.ycombinator.com/companies/leena-ai,We at Leena AI build a virtual assistant that answers employee's‚Ä¶,65,https://bookface-images.s3.amazonaws.com/small_logos/94c28dea71127938b04b08e8639750865f5a274e.png,,,,,6
Khatabook,Summer 2018,"Fintech, Payments","Khatabook Bengaluru, KA",True,https://khatabook.com/,https://www.ycombinator.com/companies/khatabook,Manage your ledgers and avail Financial Services like Lending on your‚Ä¶,70,https://bookface-images.s3.amazonaws.com/small_logos/66b2f57ed74a17802ce2f389dc5be76a7d2e0fe0.png,,,,,6
ZiffyHomes,Summer 2018,"Real Estate and Construction, Housing and Real Estate",ZiffyHomes,True,https://www.ziffyhomes.com/,https://www.ycombinator.com/companies/ziffyhomes,ZiffyHomes is managed corporate housing for white collar employees in‚Ä¶,70,https://bookface-images.s3.amazonaws.com/small_logos/7dd61e2b44bb90e6f9b4169365ff16e3a68009d4.png,,,,,6
Helloverify,Winter 2018,"B2B, Human Resources","Helloverify Noida, UP",True,https://www.helloverify.com,https://www.ycombinator.com/companies/helloverify,Helloverify is a background screening platform (Checkr for India).,66,https://bookface-images.s3.amazonaws.com/small_logos/f46eb8e86078dd58976b9e441b93909beda32196.png,,,,,6
OneFin,Winter 2017,"Fintech, Credit and Lending",OneFin,True,https://www.onefin.in,https://www.ycombinator.com/companies/onefin,Shopify for Financial Services,30,https://bookface-images.s3.amazonaws.com/small_logos/c6faf92eb91f0ff8910311336fa3f164df398c35.png,,,,,6
"Wifi Dabba, Inc.",Winter 2017,Consumer,Wifi Dabba,True,https://dabba.com,https://www.ycombinator.com/companies/wifi-dabba-inc,Decentralised broadband connectivity.,37,https://bookface-images.s3.amazonaws.com/small_logos/83b4db3a712ba1a50063b75aa9ca4c1c974cf5ae.png,,,,,6
Breathe Well-being,Winter 2020,"Healthcare, Consumer Health and Wellness",Breathe Well,True,http://www.breathewellbeing.in,https://www.ycombinator.com/companies/breathe-well-being,A digital well-being program to help people prevent or manage chronic‚Ä¶,70,https://bookface-images.s3.amazonaws.com/small_logos/926cbc556ca37dc16d59342ee434e8dcc1d391b4.png,,,,,6
Spenny,Winter 2020,"Fintech, Consumer Finance","Spenny Bengaluru, KA",True,http://spennyapp.com,https://www.ycombinator.com/companies/spenny,Acorns for India. Every time you swipe you make a digital‚Ä¶,58,https://bookface-images.s3.amazonaws.com/small_logos/c5eab8ce312ccd084d88910aa9abc81700929490.png,,,,,6
EduRev,Winter 2020,Education,EduRev,True,http://edurev.in,https://www.ycombinator.com/companies/edurev,Learning App for 400M Indian Students like a Netflix for Education,66,https://bookface-images.s3.amazonaws.com/small_logos/1e6a86b48fb942874f774cbfcbb5cfdeaaef5cb9.png,,,,,6
Bikry,Winter 2020,"B2B, Retail","Bikry Noida, UP",True,https://bikry.com/,https://www.ycombinator.com/companies/bikry,Bikry: Helping SMB's in India go online,39,https://bookface-images.s3.amazonaws.com/small_logos/478c23ca9c518001d0a97d6c25d98f090893a2eb.png,,,,,6
Hiration,Winter 2020,"Consumer, Job and Career Services","Hiration New Delhi, DL",True,https://www.hiration.com/,https://www.ycombinator.com/companies/hiration,We help job seekers quickly create resumes that get 2X more interviews,70,https://bookface-images.s3.amazonaws.com/small_logos/cd3bdb3ad18a59cf1cb324981494848107cee057.png,,,,,6
Zeo Route Planner,Winter 2020,"B2B, Supply Chain and Logistics","Zeo Route Planner San Francisco, CA",True,https://zeorouteplanner.com,https://www.ycombinator.com/companies/zeo-route-planner,Route Optimisation platform for SMB in delivery & home services.,64,https://bookface-images.s3.amazonaws.com/small_logos/8d526d18dca9f59c61e788cc7af7ad9c9956ac3d.png,,,,,6
Morphle Labs,Winter 2020,"Healthcare, Medical Devices","Morphle Labs Bengaluru, KA",True,https://morphlelabs.com,https://www.ycombinator.com/companies/morphle-labs,Robotic Automation for cancer diagnostics - Robotic Microscopes &‚Ä¶,66,https://bookface-images.s3.amazonaws.com/small_logos/c76097b716ca7b82f6b26beb694f3ab12e87aab6.png,,,,,6
TagMango,Winter 2020,"Consumer, Social",TagMango,True,https://www.tagmango.com,https://www.ycombinator.com/companies/tagmango,Monetisation tool for the Indian creator economy,48,https://bookface-images.s3.amazonaws.com/small_logos/83927ef9957ba6a2aac4a859cd38eec8ef4fde7b.png,,,,,6
farmtheory,Winter 2020,"B2B, Supply Chain and Logistics","Bengaluru, KA",True,http://farmtheory.in/,https://www.ycombinator.com/companies/farmtheory,India's first vegetable delivery service to restaurants with a hack,67,https://bookface-images.s3.amazonaws.com/small_logos/3d37bcc50ff2f53e1b161407d6bf515c6758d934.png,,,,,6
UrbanKisaan,Winter 2020,"Industrials, Agriculture",UrbanKisaan,True,https://www.urbankisaan.com,https://www.ycombinator.com/companies/urbankisaan,Reimagining Food through Farming,32,https://bookface-images.s3.amazonaws.com/small_logos/f72e93b198ddc7826d8828d858d3a423116dc75f.png,,,,,6
Kosh,Winter 2020,"Fintech, Credit and Lending","Kosh Gurugram, HR",True,https://getkosh.com,https://www.ycombinator.com/companies/kosh,Creating Microfinance 2.0.,26,https://bookface-images.s3.amazonaws.com/small_logos/7b9e26c5c5df6bc807984c5b5ee43986a321d364.png,,,,,6
Digi-Prex,Summer 2019,"Healthcare, Consumer Health and Wellness",Prex Hyderabad,True,http://www.digi-prex.com/,https://www.ycombinator.com/companies/digi-prex,Subscription pharmacy for patients with chronic diseases,56,https://bookface-images.s3.amazonaws.com/small_logos/26562c4c55b72315aa39a42aedf7d17b026bb54b.png,,,,,6
Vahan,Summer 2019,"B2B, Recruiting and Talent","Vahan Bengaluru, KA",True,https://vahan.ai,https://www.ycombinator.com/companies/vahan,AI recruiter for India's massive blue-collar workforce,54,https://bookface-images.s3.amazonaws.com/small_logos/970b0a4ef3d00dbfd511f2fe9ccdb3e524078221.png,,,,,6
DocVita,Winter 2020,"Healthcare, Consumer Health and Wellness",DocVita,True,https://docvita.com,https://www.ycombinator.com/companies/docvita,Telehealth provider for India.,30,https://bookface-images.s3.amazonaws.com/small_logos/609a65323334f5f2374a72afdce2a4dd47284790.png,,,,,6
Lokal,Summer 2019,"Consumer, Content","Lokal Bengaluru, KA",True,https://www.getlokalapp.com,https://www.ycombinator.com/companies/lokal,"Local news, information and classifieds for India's small town users",68,https://bookface-images.s3.amazonaws.com/small_logos/b20a5bbea30cf4dff9a140da9ea7d30f2d7827ff.png,,,,,6
Binks,Summer 2019,"Consumer, Apparel and Cosmetics","Binks Bengaluru, KA",True,https://getbinks.com/,https://www.ycombinator.com/companies/binks,"A zero inventory, zero returns factory-to-consumer apparel company",66,https://bookface-images.s3.amazonaws.com/small_logos/6464a8a7a2187e9e964be62968ef0310b20f0a5f.png,,,,,6
Inito,Winter 2019,"Healthcare, Consumer Health and Wellness","Inito Bengaluru, KA",True,https://www.inito.com/,https://www.ycombinator.com/companies/inito,Enabling better self care with at-home hormone tracking.,56,https://bookface-images.s3.amazonaws.com/small_logos/2e227664daa8b8943b9d87641ef2bf7c2b5c1b42.png,,,,,6
Cityfurnish,Winter 2019,"Consumer, Home and Personal","Cityfurnish New Delhi, DL",True,https://cityfurnish.com/,https://www.ycombinator.com/companies/cityfurnish,Cityfurnish - Commitment-free furniture rentals for a better you!,65,https://bookface-images.s3.amazonaws.com/small_logos/c2ca1df60e855a6b8cfddd28d710613fb25e77f6.png,,,,,6
Exly,Winter 2019,Consumer,"Exly New Delhi, DL",True,https://exlyapp.com/,https://www.ycombinator.com/companies/exly,"One stop shop for creators to launch, manage & grow their knowledge‚Ä¶",68,https://bookface-images.s3.amazonaws.com/small_logos/39f8436e3441b6cfabcfd9df54fba243f4b05d49.png,,,,,6
Edyst,Winter 2019,Education,Edyst Hyderabad,True,https://edyst.com,https://www.ycombinator.com/companies/edyst,Edyst is a peer-to-peer online learning platform where students learn‚Ä¶,70,https://bookface-images.s3.amazonaws.com/small_logos/a1ce9903fd51750823677b9306832c5a1884050f.png,,,,,6
AccioJob,Winter 2019,Education,AccioJob,True,http://www.acciojob.com,https://www.ycombinator.com/companies/acciojob,Upskilling bootcamp for India,29,https://bookface-images.s3.amazonaws.com/small_logos/58884ed5c9a6258e4e36cfa9be1a2a6b30e41858.png,,,,,6
Skill-lync,Winter 2019,Education,"Chennai, TN",True,http://skill-lync.com,https://www.ycombinator.com/companies/skill-lync,Online engineering college for India. Learn technical skills & get‚Ä¶,67,https://bookface-images.s3.amazonaws.com/small_logos/93debe185cf01796dca3de42aa2f07d3e37fbab2.png,,,,,6
Swadesh,Summer 2019,"Fintech, Consumer Finance","Swadesh New York, NY",True,http://www.swadesh.co,https://www.ycombinator.com/companies/swadesh,"We setup Immigrants with a free US Bank Account, Credit Card, SIM‚Ä¶",66,https://bookface-images.s3.amazonaws.com/small_logos/3005a6903b8f09f2ec2bc2e3ea7c985baf513b48.png,,,,,6
GoLorry,Winter 2016,"B2B, Supply Chain and Logistics",GoLorry,True,http://www.golorry.com,https://www.ycombinator.com/companies/golorry,Mobile marketplace for inter-city trucking in India,51,https://bookface-images.s3.amazonaws.com/small_logos/40376bae8f7c53265c200ad111505e5a76251905.png,,,,,6
Blitzllama,Winter 2022,B2B,"Blitzllama Bengaluru, KA",True,https://www.blitzllama.com/,https://www.ycombinator.com/companies/blitzllama,A platform to collect and analyze in-product user feedback,58,https://bookface-images.s3.amazonaws.com/small_logos/9e5778b59802590e78bb3cca17886152d2581d6a.png,,,,,6
TechBiz,Winter 2021,B2B,TechBiz,True,https://www.techbiz.app,https://www.ycombinator.com/companies/techbiz,MIS on mobile for SMB's in India,32,https://bookface-images.s3.amazonaws.com/small_logos/abadb16d32663d19fb3abcf6c62840b512ae6a63.png,,,,,6
Verak,Winter 2021,"Fintech, Insurance",Verak MH,True,http://verak.in,https://www.ycombinator.com/companies/verak,Better Business Insurance for MSMEs in India,44,https://bookface-images.s3.amazonaws.com/small_logos/855c741a332ef96bfff5cdcb2a2907b57709f104.png,,,,,6
Bueno Finance,Winter 2021,"Fintech, Credit and Lending","Bueno Finance Gurugram, HR",True,https://buenofinanceinc.com,https://www.ycombinator.com/companies/bueno-finance,Building Chime for India,24,https://bookface-images.s3.amazonaws.com/small_logos/d4c3c418c736bb44e99123a5021d831862cb46f8.png,,,,,6
Fountain9,Winter 2021,"B2B, Retail","Mumbai, MH",True,https://www.fountain9.com,https://www.ycombinator.com/companies/fountain9,Helping food brands and retailers reduce food wastage,53,https://bookface-images.s3.amazonaws.com/small_logos/5a386fb41df1dea72d053221119a74e5fb6e081b.png,,,,,6
LotusPay,Summer 2017,"Fintech, Payments",LotusPay,True,http://www.lotuspay.com,https://www.ycombinator.com/companies/lotuspay,Recurring payments solution for businesses in India.,52,https://bookface-images.s3.amazonaws.com/small_logos/9237613d5c6b9ca86e68c4e86a6d63ec1d7337ed.png,,,,,6
Playment,Winter 2017,"B2B, Engineering, Product and Design","Playment Bengaluru, KA",True,https://playment.io/,https://www.ycombinator.com/companies/playment,Mechanical Turk for enterprises.,32,https://bookface-images.s3.amazonaws.com/small_logos/8d042750022ceb867d7506837474acf57e7f3874.png,,,,,6
Supr Daily,Winter 2017,"Consumer, Food and Beverage","Supr Daily Bengaluru, KA",True,http://www.suprdaily.com/,https://www.ycombinator.com/companies/supr-daily,Daily grocery delivery service in India,39,https://bookface-images.s3.amazonaws.com/small_logos/53a5b6981dc4bc8f36f7592d30196e1a22512852.png,,,,,6
Innov8,Summer 2016,"Real Estate and Construction, Housing and Real Estate","New Delhi, DL",True,http://www.innov8.work,https://www.ycombinator.com/companies/innov8,"We provide co-working offices to startups, freelancers and SMEs in‚Ä¶",67,https://bookface-images.s3.amazonaws.com/small_logos/70e85c5b6755f0cbabfe164e07441fcafcfab9de.png,,,,,6
yBANQ,Winter 2020,"Fintech, Payments","Bengaluru, KA",True,https://ybanq.com,https://www.ycombinator.com/companies/ybanq,yBANQ is building a Bill.com for India to simplify collections and‚Ä¶,67,https://bookface-images.s3.amazonaws.com/small_logos/adeafd73575a3d62a8377efcebb27aa13569f642.png,,,,,6
Pay Swifter,Winter 2020,"Fintech, Banking and Exchange","Pay Swifter Bengaluru, KA",True,https://payswifter.com,https://www.ycombinator.com/companies/pay-swifter,Stripe for Cannabis,19,https://bookface-images.s3.amazonaws.com/small_logos/4ad961e82ac5a621fa95d598d324b11f679eea47.png,,,,,6
Able,Winter 2020,"Consumer, Job and Career Services","Able Bengaluru, KA",True,https://ablejobs.co/,https://www.ycombinator.com/companies/able,India's Largest Placement Platform for Early Professionals,58,https://bookface-images.s3.amazonaws.com/small_logos/a2a30da1ec63594344f86b488362ce0e77f09939.png,,,,,6
MyPetrolPump,Summer 2019,"B2B, Supply Chain and Logistics","Bengaluru, KA",True,https://mypetrolpump.com/,https://www.ycombinator.com/companies/mypetrolpump,On demand fuel delivery service in India,40,https://bookface-images.s3.amazonaws.com/small_logos/873e6a24dc0099a9092da2dab96e2393961c5ecb.png,,,,,6
Wingman,Summer 2019,"B2B, Sales","Wingman Bengaluru, KA",True,https://www.trywingman.com,https://www.ycombinator.com/companies/wingman,Wingman helps inside sales reps with coaching while they're on a call.,70,https://bookface-images.s3.amazonaws.com/small_logos/d85dfc73c9692fefd19b7eeec4502dc106fae113.png,,,,,6
Seawise Capital,Winter 2019,"Fintech, Credit and Lending","Seawise Capital New Delhi, DL",True,https://www.seawisecapital.com,https://www.ycombinator.com/companies/seawise-capital,Trade finance company for Indian exporters,42,https://bookface-images.s3.amazonaws.com/small_logos/8a57aa2997d907d0589203748d7cd45c89c36483.png,,,,,6
Markupwand,Summer 2012,"B2B, Engineering, Product and Design","Markupwand Bengaluru, KA",True,http://markupwand.com,https://www.ycombinator.com/companies/markupwand,Convert Design files to working websites automagically,54,https://bookface-images.s3.amazonaws.com/small_logos/ee21082d6cb8096eeec027fb12b3d4e3cf1392ca.png,,,,,6
Toolify,Winter 2024,"B2B, Engineering, Product and Design","Toolify Bengaluru, KA",True,https://toolify.sh,https://www.ycombinator.com/companies/toolify,Build internal tools with AI,28,https://bookface-images.s3.amazonaws.com/small_logos/dda140ccf9838edcec96e76d3655e00315a0b4a7.png,,,,,6
CodeParrot AI,Winter 2023,"B2B, Engineering, Product and Design",CodeParrot,True,https://codeparrot.ai/,https://www.ycombinator.com/companies/codeparrot-ai,Helps Developers build stunning UI Lightning Fast ‚ö°Ô∏è,52,https://bookface-images.s3.amazonaws.com/small_logos/dc7c9f809980c4c0462aa8ad39e4f211d37121ab.png,,,,,6
Payfura,Summer 2022,"Fintech, Payments","Payfura Delaware City, DE",True,https://www.payfura.com,https://www.ycombinator.com/companies/payfura,Global payment gateway to buy/sell crypto,41,https://bookface-images.s3.amazonaws.com/small_logos/63716659153a382d18dd3ed5667bcd754a6aa1c4.png,,,,,6
Integration Labs,Summer 2022,B2B,"Integration Labs Bengaluru, KA",True,https://www.integrationlabs.co,https://www.ycombinator.com/companies/integration-labs,The Unified API for Business Financial Data,43,https://bookface-images.s3.amazonaws.com/small_logos/ea7e6661f892abcb5298813588ef6cc256d72baa.png,,,,,6
AvairSense,Winter 2022,"Consumer, Consumer Electronics",AvairSense,True,https://www.avairsense.com/,https://www.ycombinator.com/companies/avairsense,We go all out to Build the Smartest AI-Enabled Cameras!,55,https://bookface-images.s3.amazonaws.com/small_logos/8d8d639e2da217393023962cadbf5e44f0794f06.png,,,,,6
Fello,Winter 2022,Fintech,"Fello Bengaluru, KA",True,https://fello.in,https://www.ycombinator.com/companies/fello,Grow money and win $1000 every week by saving and playing games,63,https://bookface-images.s3.amazonaws.com/small_logos/5217735d0eee015e36414930d3f8d9c1c25f207e.png,,,,,6
AntWalk,Winter 2022,Education,AntWalk,True,https://www.antwalk.com/,https://www.ycombinator.com/companies/antwalk,An employee up-skilling platform for fast growing companies,59,https://bookface-images.s3.amazonaws.com/small_logos/54a8cf0b68ea1720cdf1adba0a1c01b4115f5972.png,,,,,6
Castled.io,Winter 2022,"B2B, Marketing","Bengaluru, KA",True,https://castled.io/,https://www.ycombinator.com/companies/castled-io,Customer Engagement software on top of BigQuery/Snowflake,57,https://bookface-images.s3.amazonaws.com/small_logos/a415f42fd3d3ae124e10f5ef086446cbfc36c4ec.png,,,,,6
Akudo,Summer 2021,"Fintech, Payments","Akudo Bengaluru, KA",True,https://www.akudo.in/,https://www.ycombinator.com/companies/akudo,India's first learning-focused neobank for teenagers,52,https://bookface-images.s3.amazonaws.com/small_logos/3046538d2939ee60ee1e0209232445c07f2b8eb7.png,,,,,6
Gobillion,Summer 2021,Consumer,"Gobillion New Delhi, DL",True,https://gobillion.co,https://www.ycombinator.com/companies/gobillion,Pinduoduo for India,19,https://bookface-images.s3.amazonaws.com/small_logos/0adb623358e23d19debfccd4479f9ec020bfa54a.png,,,,,6
Invoid,Winter 2021,B2B,"Invoid Gurugram, HR",True,https://www.invoid.co/,https://www.ycombinator.com/companies/invoid,Create identity verification workflows the way you want,55,https://bookface-images.s3.amazonaws.com/small_logos/d2e3c9b022819f2037f731e715774474465db9c7.png,,,,,6
YourQuote,Winter 2021,"Consumer, Content",YourQuote,True,https://www.yourquote.in,https://www.ycombinator.com/companies/yourquote,YourQuote is India's largest writing platform,45,https://bookface-images.s3.amazonaws.com/small_logos/670b377633e46c39192c05808c322fd25b5e8fda.png,,,,,6
BeWell Digital,Winter 2021,"Healthcare, Healthcare IT",BeWell,True,http://www.bewelldigital.com,https://www.ycombinator.com/companies/bewell-digital,Building the operating system for diagnosis.,44,https://bookface-images.s3.amazonaws.com/small_logos/8ca19ad5afea17ab8c1d3f189f862aaf5a8f67ef.png,,,,,6
Krab,Winter 2021,"Fintech, Credit and Lending",Krab Hyderabad,True,https://www.krab.in,https://www.ycombinator.com/companies/krab,Instant loans for trucking companies in India,45,https://bookface-images.s3.amazonaws.com/small_logos/5b3461bd6c0d7c8c6a07247a48430eef9a92dc13.png,,,,,6
JoinSub,Winter 2021,"Fintech, Payments",JoinSub,True,https://joinsub.com,https://www.ycombinator.com/companies/joinsub,India's first aggregator and provider of local business subscriptions,69,https://bookface-images.s3.amazonaws.com/small_logos/8f6311ab798c568114d69f91d489b612d220383d.png,,,,,6
Pensil,Winter 2021,"B2B, Engineering, Product and Design","Pensil Gurugram, HR",True,https://pensil.in,https://www.ycombinator.com/companies/pensil,"New-Age White Label Community Platform SDKs and APIs for Games,‚Ä¶",64,https://bookface-images.s3.amazonaws.com/small_logos/eef64ad25f3034fe027f2570b9f47afa9396caf4.png,,,,,6
Jeevam Health,Summer 2020,"Healthcare, Consumer Health and Wellness","Jeevam Health Bengaluru, KA",True,https://www.jeevamhealth.com/,https://www.ycombinator.com/companies/jeevam-health,Digital holistic care for complex chronic conditions,52,https://bookface-images.s3.amazonaws.com/small_logos/a11681b8399f0e26f6957a87b153da16738b2f26.png,,,,,6
WheelStreet,Summer 2017,"Consumer, Transportation Services",WheelStreet,True,https://www.wheelstreet.com/,https://www.ycombinator.com/companies/wheelstreet,WheelStreet is a Motorbike rental marketplace that connects‚Ä¶,60,https://bookface-images.s3.amazonaws.com/small_logos/b74d32e12dc0532725502f65534cf69abf4a4479.png,,,,,6
NextDrop,Summer 2017,"Industrials, Energy",NextDrop,True,https://thenextdrop.com/,https://www.ycombinator.com/companies/nextdrop,NextDrop is the water marketplace for urban India.  We connect water‚Ä¶,69,https://bookface-images.s3.amazonaws.com/small_logos/67360132b1680f560e9b085055d4bff122269265.png,,,,,6
Piggy,Summer 2017,"Fintech, Asset Management",Piggy MH,True,https://piggy.co.in,https://www.ycombinator.com/companies/piggy,"App for Indians to make investments in mutual funds, manage their‚Ä¶",66,https://bookface-images.s3.amazonaws.com/small_logos/5184ec7534362c1a66e059ec557d55ea721821ff.png,,,,,6
Pulse,Winter 2017,"Healthcare, Consumer Health and Wellness","Pulse Bengaluru, KA",True,http://www.getpulse.care/,https://www.ycombinator.com/companies/pulse,Electronic Medical Records for India,36,https://bookface-images.s3.amazonaws.com/small_logos/210caac404ec9d36bfaa99a4ccfac8d16cb390a3.png,,,,,6
Easyplan,Winter 2020,"Fintech, Asset Management",Easyplan MH,True,https://easyplan.in/,https://www.ycombinator.com/companies/easyplan,An AI-driven investment app for beginner investors in India,59,https://bookface-images.s3.amazonaws.com/small_logos/ce1f5cbfeb5313bfa743850844903dc383d7e630.png,,,,,6
Synapsica Healthcare,Winter 2020,"Healthcare, Diagnostics","Synapsica Healthcare Bengaluru, KA",True,https://synapsica.com/,https://www.ycombinator.com/companies/synapsica-healthcare,AI-enabled automation of diagnostic radiology workflow and reporting.,69,https://bookface-images.s3.amazonaws.com/small_logos/ae83920ac4eee163846bdc260d3911efe906c4d2.png,,,,,6
Thunderpod,Winter 2020,B2B,Thunderpod MH,True,https://www.thunderpod.com/,https://www.ycombinator.com/companies/thunderpod,Community Engagement Platform,29,https://bookface-images.s3.amazonaws.com/small_logos/91478c7c3ca52d34bc10c964c9668b6eb566be9c.png,,,,,6
PillarPlus,Winter 2020,"Real Estate and Construction, Construction",PillarPlus,True,https://pillarplus.com,https://www.ycombinator.com/companies/pillarplus,Software to automatically create construction blueprints,56,https://bookface-images.s3.amazonaws.com/small_logos/b019dc9df86b0e3d7418198422cddd4c458d87a6.png,,,,,6
goDutch,Winter 2020,"Fintech, Payments",India Group,True,https://godutchpay.in,https://www.ycombinator.com/companies/godutch,Group payments product which lets people pay together at any offline‚Ä¶,69,https://bookface-images.s3.amazonaws.com/small_logos/139f3923e5b1264c5832c11db6a942d85eef67ba.png,,,,,6
Namaste Business,Summer 2019,"B2B, Retail","Namaste Business Bengaluru, KA",True,https://mynamaste.in,https://www.ycombinator.com/companies/namaste-business,Shopify for a mobile first world,32,https://bookface-images.s3.amazonaws.com/small_logos/2a434704677560934762a7eb4897fecdba24c9e7.png,,,,,6
Khabri,Summer 2019,"Consumer, Content","Khabri New Delhi, DL",True,https://khabri.app/,https://www.ycombinator.com/companies/khabri,India's Largest Podcast Platform,32,https://bookface-images.s3.amazonaws.com/small_logos/875a6ba6eff51c44bcbca27b52567e2fe670a41c.png,,,,,6
HelpNow,Winter 2020,"Healthcare, Healthcare Services",HelpNow,True,http://www.getHelpNow.in,https://www.ycombinator.com/companies/helpnow,India's most reliable Ambulance service. (uber for ambulances),62,https://bookface-images.s3.amazonaws.com/small_logos/e9980ce54defe188c491d271fa9b0710384aa9ae.png,,,,,6
Nonu,Summer 2019,"Healthcare, Consumer Health and Wellness",Nonu Hyderabad,True,https://nonucare.com/,https://www.ycombinator.com/companies/nonu,We deliver hair loss medicines for Indian men on a subscription basis.,70,https://bookface-images.s3.amazonaws.com/small_logos/7f9f5173748bd97ae8f93b30cfe876bae0b0e146.png,,,,,6
Kisan Network,Winter 2016,"Industrials, Agriculture","Kisan Network Gurugram, HR",True,https://www.kisannetwork.com,https://www.ycombinator.com/companies/kisan-network,Tech enabled and fully integrated PAN India agri produce supply chain,69,https://bookface-images.s3.amazonaws.com/small_logos/db2008b79867d33375690a57e489390ac2d6b52f.png,,,,,6
Groww,Winter 2018,"Fintech, Asset Management","Groww Bengaluru, KA",True,https://groww.in,https://www.ycombinator.com/companies/groww,"Making financial services simple, transparent and delightful.",61,https://bookface-images.s3.amazonaws.com/small_logos/0ae62cb1672e8223d9b0ae2e5b7ecde4ae763c5e.png,,,,https://github.com/Groww,5
Meesho,Summer 2016,"B2B, Retail","Meesho Bengaluru, KA",True,http://www.meesho.com,https://www.ycombinator.com/companies/meesho,Democratizing internet commerce for everyone in India,53,https://bookface-images.s3.amazonaws.com/small_logos/2e219c412cfa3b69bc5211d8d7473cf06bfe6593.png,,,,https://github.com/Meesho,5
Razorpay,Winter 2015,"Fintech, Payments","Razorpay Bengaluru, KA",True,https://razorpay.com,https://www.ycombinator.com/companies/razorpay,India's only full-stack financial solutions company for businesses.,67,https://bookface-images.s3.amazonaws.com/small_logos/b6a6aaf9a84fa4b7ddb53cabda7443c142a5a154.png,,,,https://github.com/razorpay,5
RedCarpetUp,Summer 2015,"Fintech, Consumer Finance","Gurugram, HR",True,http://redcarpetup.com,https://www.ycombinator.com/companies/redcarpetup,Credit cards for Indians that banks cannot see,46,https://bookface-images.s3.amazonaws.com/small_logos/183f0ec3e40c4ede1e9890d348891e13b1af9608.png,,,,https://github.com/RedCarpetUp,5
Drip Capital,Summer 2015,"Fintech, Credit and Lending",Drip Capital MH,True,http://dripcapital.com,https://www.ycombinator.com/companies/drip-capital,Digital trade financing for small businesses,44,https://bookface-images.s3.amazonaws.com/small_logos/fd4c1794856699806ba4d2424920a88c78f1f201.png,,,,https://github.com/dripcapital,5
Noora Health,Winter 2014,Healthcare,"Noora Health Bengaluru, KA",True,http://noorahealth.org,https://www.ycombinator.com/companies/noora-health,Training patients and their families with health skills,55,https://bookface-images.s3.amazonaws.com/small_logos/b4cd850f3939d61304f38ffc3355cec0cadbdab2.png,,,,https://github.com/NooraHealth,5
Bolna AI,Fall 2025,B2B,Bolna AI,True,https://bolna.ai,https://www.ycombinator.com/companies/bolna-ai,Voice AI to enable India's next billion,39,https://bookface-images.s3.amazonaws.com/small_logos/0b089abe00badc05c8bba9c5210bd4a34f636170.png,,,,https://github.com/bolna-ai/bolna,5
DrDroid,Winter 2023,"B2B, Engineering, Product and Design",DrDroid,True,https://drdroid.io/,https://www.ycombinator.com/companies/drdroid,Your best friend in production.,31,https://bookface-images.s3.amazonaws.com/small_logos/7b6d81dd6d4c4bdc913b702f0bd007e3c36cfe55.png,,,,https://github.com/DrDroidLab/,5
Maya Labs,Summer 2022,"B2B, Productivity","Maya Labs Bengaluru, KA",True,https://mayalabs.io,https://www.ycombinator.com/companies/maya-labs,Building self-programming machines,34,https://bookface-images.s3.amazonaws.com/small_logos/93bc27dea8b2f9bdbb3b58f34271dadc324cdf6d.png,,,,https://github.com/mayahq,5
PayCrunch,Winter 2022,"Fintech, Credit and Lending",PayCrunch,True,https://paycrunch.in,https://www.ycombinator.com/companies/paycrunch,Credit Card for college students based on UPI.,46,https://bookface-images.s3.amazonaws.com/small_logos/875f70726bf714e04e2c65653e8ccf92d8beb470.png,,,,https://github.com/PayCrunch-team,5
Harmoney,Winter 2022,"Fintech, Asset Management",Harmoney MH,True,https://www.harmoney.in/,https://www.ycombinator.com/companies/harmoney,"Agentic AI solution for fixed income, credit and portfolio analysis",67,https://bookface-images.s3.amazonaws.com/small_logos/2ca23fbe179b9d869adbd001cf7a397b7153bf4d.png,,,,https://github.com/harmoney-in,5
Novatr,Summer 2021,Education,"Novatr Gurugram, HR",True,https://www.novatr.com,https://www.ycombinator.com/companies/novatr,"Online cohort based courses for architects, engineers and designers‚Ä¶",68,https://bookface-images.s3.amazonaws.com/small_logos/1179f00a3ef3a6f09115a94a3727c10f972e55a4.png,,,,https://github.com/oneistox,5
Jovian,Summer 2021,Education,"Jovian Bengaluru, KA",True,https://www.jovian.com,https://www.ycombinator.com/companies/jovian,Online University for Tech Professionals,40,https://bookface-images.s3.amazonaws.com/small_logos/d6f4074567727ce4d14de635e6debbbdc71b55f5.png,,,,https://github.com/jovianhq,5
Zealth,Winter 2021,"Healthcare, Healthcare IT","Zealth Bengaluru, KA",True,https://zealth-ai.com/,https://www.ycombinator.com/companies/zealth,Software for remote monitoring of cancer patients,49,https://bookface-images.s3.amazonaws.com/small_logos/18c9dca3fe4fe586ecc86e321177f271f61a4ffb.png,,,,https://github.com/Zealth-AI,5
Stayflexi,Winter 2021,B2B,"Stayflexi San Francisco, CA",True,https://business.stayflexi.com/,https://www.ycombinator.com/companies/stayflexi,Operating System for Hotels and Vacation Rentals,48,https://bookface-images.s3.amazonaws.com/small_logos/2a6dec6c9c300ba44b097b02c1380f0a1f7e1b10.png,,,,https://github.com/basarooms,5
Reclaim Protocol,Winter 2021,"B2B, Engineering, Product and Design",Reclaim Protocol,True,https://reclaimprotocol.org,https://www.ycombinator.com/companies/reclaim-protocol,Industry's first sub-dollar user data verification company!,59,https://bookface-images.s3.amazonaws.com/small_logos/140b14ae167716f111115a81e06b1a7eb94e8ef3.png,,,,https://www.github.com/reclaimprotocol,5
Codingal,Winter 2021,Education,"Codingal Bengaluru, KA",True,https://www.codingal.com,https://www.ycombinator.com/companies/codingal,Leading online after-school for kids & teens to learn AI & coding,65,https://bookface-images.s3.amazonaws.com/small_logos/77d50a678b852201eb874c4f38a23e0db3307c4c.png,,,,https://github.com/Codingal,5
FifthTry,Winter 2021,"B2B, Productivity",FifthTry,True,https://www.FifthTry.com,https://www.ycombinator.com/companies/fifthtry,Continuous Documentation To End Documentation Rot,49,https://bookface-images.s3.amazonaws.com/small_logos/552447facd8d9e007c6306d2f307ff1eee8ac30a.png,,,,https://github.com/FifthTry,5
Bimaplan,Winter 2021,"Fintech, Insurance","Bimaplan Bengaluru, KA",True,https://www.bimaplan.co,https://www.ycombinator.com/companies/bimaplan,Affordable insurance for the next billion Indians,49,https://bookface-images.s3.amazonaws.com/small_logos/34ed5c1ce09460f808ff16141b40921c2fce47a7.png,,,,https://github.com/bimaplan,5
"MedPiper Technologies, Inc",Summer 2020,"Healthcare, Healthcare IT",MedPiper,True,https://inc42.com/features/30-startups-to-watch-the-startups-that-caught-our-eye-in-august-2020/,https://www.ycombinator.com/companies/medpiper-technologies-inc,Salesforce for health data,26,https://bookface-images.s3.amazonaws.com/small_logos/f7d30e3e30894c40033c853cefa3efa02ec9f54b.png,,,,https://github.com/MedPiperGlobal,5
Farmako Healthcare,Summer 2020,"Healthcare, Healthcare IT","Farmako Healthcare Gurugram, HR",True,https://farmako.ai,https://www.ycombinator.com/companies/farmako-healthcare,India's fastest medicine delivery in just 30 minutes,52,https://bookface-images.s3.amazonaws.com/small_logos/7b367d28549e4be7a52f8235ec629bfb6869fc48.png,,,,https://github.com/FarmakoHealthcare,5
OkCredit,Summer 2018,"Fintech, Payments",OkCredit,True,https://www.okcredit.in,https://www.ycombinator.com/companies/okcredit,Simple and secure bookkeeping for Indian businesses.,52,https://bookface-images.s3.amazonaws.com/small_logos/319d958d1c1ed34dab6fa69de4c65c566d82fcc8.png,,,,https://github.com/okcredit,5
Dost Education,Winter 2017,Education,"Dost Education Delhi, DL",True,http://www.dosteducation.com/,https://www.ycombinator.com/companies/dost-education,Getting kids ready for school in India.,39,https://bookface-images.s3.amazonaws.com/small_logos/f0fa55d20ad45d5a721bbcb283b5883104aecae9.png,,,,https://github.com/DostEducation,5
StayQrious,Winter 2020,Education,StayQrious,True,https://StayQrious.com,https://www.ycombinator.com/companies/stayqrious,"StayQrious helps kids in India learn through online group classes,‚Ä¶",67,https://bookface-images.s3.amazonaws.com/small_logos/6777015bca896304ef3afd74444401925f0f7b27.png,,,,https://github.com/stayqrious,5
FamPay,Summer 2019,"Fintech, Payments",FamPay,True,https://fampay.in,https://www.ycombinator.com/companies/fampay,India‚Äôs first neobank for teenagers,35,https://bookface-images.s3.amazonaws.com/small_logos/319c4ca66fa53bdc1e6c40bcff4a0ea5aebe575d.png,,,,https://github.com/fampay,5
Loop Health,Winter 2020,"Healthcare, Healthcare Services",Loop Health MH,True,http://www.loophealth.com,https://www.ycombinator.com/companies/loop-health,Modern & comprehensive health insurance plan for employees in India,67,https://bookface-images.s3.amazonaws.com/small_logos/901b63dfcc93de4ca2a31330d51a98cc19ed0934.png,,,,https://github.com/loophealth,5
BharatX,Winter 2022,"Fintech, Credit and Lending","Bengaluru, KA",True,https://bharatx.tech/,https://www.ycombinator.com/companies/bharatx,Enable Buy-Now-Pay-Later in a White-Labelled Manner,51,https://bookface-images.s3.amazonaws.com/small_logos/fefd038c884eb2ec297216fef362234e54c0d4ee.png,,,,https://github.com/bharatx-in,5
Dyte,Winter 2021,"B2B, Infrastructure","Dyte Bengaluru, KA",True,https://dyte.io,https://www.ycombinator.com/companies/dyte,"Real-time audio & video SDKs, ready to launch üöÄ",47,https://bookface-images.s3.amazonaws.com/small_logos/770e5b3b347dbbb7f635ee0bda4a8e6f8f4a3f14.png,,,,https://github.com/dyte-io,5
Aerotime,Winter 2021,"B2B, Productivity","Aerotime San Francisco, CA",True,https://www.aerotime.com,https://www.ycombinator.com/companies/aerotime,Calendar that kills time fragmentation,38,https://bookface-images.s3.amazonaws.com/small_logos/98fe814507c0b2e9675493dfb661fd98028ad3be.png,,,,https://github.com/Aerotime,5
Drivezy,Summer 2016,"Consumer, Travel, Leisure and Tourism","Drivezy Bengaluru, KA",True,http://www.drivezy.com,https://www.ycombinator.com/companies/drivezy,"India's largest vehicle sharing platform, turning people's vehicles‚Ä¶",68,https://bookface-images.s3.amazonaws.com/small_logos/b83c298b96264e91d71c57fafedfa83149d9d6a4.png,,,,https://github.com/drivezy,5
